時刻,RSSI,母艦バッテリー,ドローンバッテリー,気温,湿度,気圧,イベント
2026-05-24 12:08:59,-95,100,100,34.9,67.5,1015.3,
2026-05-24 12:09:00,-71,100,100,21.5,78.5,1017.6,
2026-05-24 12:09:01,-85,100,100,29.7,60.1,1018.0,
2026-05-24 12:09:02,-92,100,100,23.6,72.4,1014.1,
2026-05-24 12:09:03,-91,100,100,31.3,49.2,1013.8,
2026-05-24 12:09:04,-82,100,100,22.4,51.3,1011.5,
2026-05-24 12:09:05,-75,100,100,25.5,54.2,1015.5,
2026-05-24 12:09:06,-83,100,100,22.4,76.8,1012.8,
2026-05-24 12:09:07,-78,100,100,28.4,69.1,1019.5,
2026-05-24 12:09:08,-83,100,100,23.2,43.7,1013.0,
2026-05-24 12:09:09,-73,100,100,24.2,44.2,1012.2,
2026-05-24 12:09:10,-88,100,100,24.3,43.2,1019.7,
2026-05-24 12:09:11,-85,100,100,31.4,52.9,1016.0,
2026-05-24 12:09:12,-79,100,100,23.5,72.4,1012.7,
2026-05-24 12:09:13,-62,100,100,31.6,41.3,1010.8,
2026-05-24 12:09:14,-57,100,100,34.4,74.7,1013.4,
2026-05-24 12:09:15,-59,100,100,27.5,58.0,1010.2,
2026-05-24 12:09:16,-55,100,100,31.0,67.0,1013.9,
2026-05-24 12:09:17,-73,100,100,23.8,78.3,1011.1,
2026-05-24 12:09:18,-70,100,100,24.1,45.2,1012.0,
2026-05-24 12:09:19,-66,100,100,32.3,68.2,1016.8,
2026-05-24 12:09:20,-79,100,100,27.0,45.8,1018.1,
2026-05-24 12:09:21,-68,100,100,24.9,49.4,1018.3,
2026-05-24 12:09:22,-92,100,100,23.0,69.0,1010.7,
2026-05-24 12:09:23,-78,100,100,28.3,41.7,1014.1,
2026-05-24 12:09:24,-83,100,100,32.2,56.3,1017.6,
2026-05-24 12:09:25,-78,100,100,30.4,69.5,1013.4,
2026-05-24 12:09:26,-94,100,100,26.0,71.5,1011.0,
2026-05-24 12:09:27,-65,100,100,28.3,55.5,1016.3,
2026-05-24 12:09:28,-87,100,100,23.3,49.6,1011.7,
2026-05-24 12:09:29,-69,100,100,25.3,65.3,1012.8,
2026-05-24 12:09:30,-58,100,100,32.6,67.7,1014.0,
2026-05-24 12:09:31,-79,100,100,27.2,74.5,1011.0,
2026-05-24 12:09:32,-90,100,100,22.8,66.3,1015.7,
2026-05-24 12:09:33,-60,100,100,31.2,40.1,1014.8,
2026-05-24 12:09:34,-68,100,100,29.6,41.2,1015.1,
2026-05-24 12:09:35,-73,100,100,30.5,47.6,1013.6,
2026-05-24 12:09:36,-84,100,100,25.0,75.2,1010.3,
2026-05-24 12:09:37,-67,100,100,26.8,43.3,1015.7,
2026-05-24 12:09:38,-78,100,100,26.3,66.5,1013.6,
2026-05-24 12:09:39,-64,100,100,26.6,51.5,1019.2,
2026-05-24 12:09:40,-66,100,100,32.0,65.8,1017.2,
2026-05-24 12:09:41,-62,100,100,32.4,74.8,1010.2,
2026-05-24 12:09:42,-57,100,100,20.0,68.3,1014.2,
2026-05-24 12:09:43,-63,100,100,27.7,45.9,1010.8,
2026-05-24 12:09:44,-77,100,100,25.5,75.6,1015.8,
2026-05-24 12:09:45,-89,100,100,27.8,42.5,1018.0,
2026-05-24 12:09:46,-77,100,100,30.8,43.2,1016.2,
2026-05-24 12:09:47,-95,100,100,26.6,44.7,1016.2,
2026-05-24 12:09:48,-63,100,100,30.7,43.2,1016.8,
2026-05-24 12:09:49,-78,100,100,22.9,61.5,1012.0,
2026-05-24 12:09:50,-71,100,100,34.4,66.4,1017.7,
2026-05-24 12:09:51,-70,100,100,34.7,41.5,1013.4,
2026-05-24 12:09:52,-64,100,100,30.7,49.8,1014.6,
2026-05-24 12:09:53,-59,100,100,34.9,47.3,1018.6,
2026-05-24 12:09:54,-90,100,100,24.8,67.1,1010.6,
2026-05-24 12:09:55,-93,100,100,28.8,46.1,1012.2,
2026-05-24 12:09:56,-56,100,100,25.7,45.4,1011.9,
2026-05-24 12:09:57,-72,100,100,27.7,79.6,1012.5,
2026-05-24 12:09:58,-77,100,100,26.9,63.5,1014.7,
2026-05-24 12:09:59,-92,100,100,27.2,69.4,1018.3,
2026-05-24 12:10:00,-91,100,100,31.0,54.6,1012.0,
2026-05-24 12:10:01,-74,100,100,23.7,71.9,1018.2,
2026-05-24 12:10:02,-63,100,100,27.9,48.2,1014.0,
2026-05-24 12:10:03,-84,100,100,20.5,46.4,1016.4,
2026-05-24 12:10:04,-80,100,100,31.9,45.9,1016.1,
2026-05-24 12:10:05,-82,100,100,21.2,58.7,1013.4,
2026-05-24 12:10:06,-73,100,100,24.5,50.8,1018.5,
2026-05-24 12:10:07,-72,100,100,32.0,50.6,1014.3,
2026-05-24 12:10:08,-55,100,100,25.9,43.4,1014.8,
2026-05-24 12:10:09,-83,100,100,26.3,63.6,1012.6,
2026-05-24 12:10:10,-79,100,100,29.1,43.1,1016.5,
2026-05-24 12:10:11,-77,100,100,34.6,72.1,1010.7,
2026-05-24 12:10:12,-91,100,100,25.6,44.4,1018.7,
2026-05-24 12:10:13,-82,100,100,21.3,64.8,1019.4,
2026-05-24 12:10:14,-60,100,100,28.4,74.4,1013.7,
2026-05-24 12:10:15,-88,100,100,25.0,40.6,1014.1,
2026-05-24 12:10:16,-88,100,100,20.4,67.5,1013.0,
2026-05-24 12:10:17,-66,100,100,26.0,46.7,1019.7,
2026-05-24 12:10:18,-70,100,100,34.3,54.4,1013.6,
2026-05-24 12:10:19,-79,100,100,23.4,47.7,1016.5,
2026-05-24 12:10:20,-56,100,100,21.6,78.2,1010.8,
2026-05-24 12:10:21,-57,100,100,34.9,52.3,1015.1,
2026-05-24 12:10:22,-62,100,100,34.6,61.2,1012.7,
2026-05-24 12:10:23,-88,100,100,25.8,77.0,1011.3,
2026-05-24 12:10:24,-65,100,100,28.7,77.2,1015.2,
2026-05-24 12:10:25,-93,100,100,22.1,58.7,1011.0,
2026-05-24 12:10:26,-88,100,100,20.2,52.6,1017.1,
2026-05-24 12:10:27,-75,100,100,32.3,68.8,1011.4,
2026-05-24 12:10:28,-61,100,100,34.9,41.9,1019.0,
2026-05-24 12:10:29,-72,100,100,34.9,66.6,1011.0,
2026-05-24 12:10:30,-72,100,100,26.0,44.3,1013.2,
2026-05-24 12:10:31,-95,100,100,30.6,78.2,1019.4,
2026-05-24 12:10:32,-69,100,100,32.0,54.3,1013.1,
2026-05-24 12:10:33,-81,100,100,23.0,54.4,1011.0,
2026-05-24 12:10:34,-58,100,100,20.5,69.8,1017.6,
2026-05-24 12:10:35,-91,100,100,25.7,54.6,1016.2,
2026-05-24 12:10:36,-76,100,100,29.2,75.6,1010.9,
2026-05-24 12:10:37,-68,100,100,25.3,59.6,1014.2,
2026-05-24 12:10:38,-69,100,100,30.5,53.9,1010.9,
2026-05-24 12:10:39,-85,100,100,31.5,74.3,1014.3,
2026-05-24 12:10:40,-80,100,100,33.4,40.3,1019.8,
2026-05-24 12:10:41,-79,100,100,20.2,64.7,1012.4,
2026-05-24 12:10:42,-94,100,100,20.4,45.6,1011.5,
2026-05-24 12:10:43,-68,100,100,25.6,79.4,1019.4,
2026-05-24 12:10:44,-82,100,100,32.4,42.4,1012.3,
2026-05-24 12:10:45,-93,100,100,25.7,40.8,1014.3,
2026-05-24 12:10:46,-91,100,100,33.8,60.6,1018.8,
2026-05-24 12:10:47,-84,100,100,30.8,54.2,1018.1,
2026-05-24 12:10:48,-87,100,100,32.5,71.0,1019.5,
2026-05-24 12:10:49,-77,100,100,29.2,78.2,1015.6,
2026-05-24 12:10:50,-58,100,100,23.2,68.6,1014.9,
2026-05-24 12:10:51,-72,100,100,21.0,63.0,1015.9,
2026-05-24 12:10:52,-74,100,100,28.2,43.6,1010.5,
2026-05-24 12:10:53,-56,100,100,33.5,58.7,1019.2,
2026-05-24 12:10:54,-76,100,100,25.3,78.4,1010.9,
2026-05-24 12:10:55,-67,100,100,23.5,49.6,1014.2,
2026-05-24 12:10:56,-90,100,100,23.9,74.7,1010.3,
2026-05-24 12:10:57,-58,100,100,31.3,56.0,1011.0,
2026-05-24 12:10:58,-80,100,100,27.9,49.2,1010.1,
2026-05-24 12:10:59,-58,100,100,31.3,53.4,1018.7,
2026-05-24 12:11:00,-89,100,100,28.1,76.7,1012.2,
2026-05-24 12:11:01,-80,100,100,23.0,58.2,1019.1,
2026-05-24 12:11:02,-91,100,100,20.8,74.9,1012.9,
2026-05-24 12:11:03,-66,100,100,23.3,72.5,1015.6,
2026-05-24 12:11:04,-94,100,100,25.3,54.8,1014.1,
2026-05-24 12:11:05,-81,100,100,27.8,73.2,1019.1,
2026-05-24 12:11:06,-63,100,100,29.8,49.2,1016.0,
2026-05-24 12:11:07,-91,100,100,27.9,77.7,1016.4,
2026-05-24 12:11:08,-91,100,100,22.3,43.7,1015.9,
2026-05-24 12:11:09,-95,100,100,21.0,70.8,1015.1,
2026-05-24 12:11:10,-81,100,100,31.4,41.9,1016.4,
2026-05-24 12:11:11,-75,100,100,25.1,52.6,1016.3,
2026-05-24 12:11:12,-81,100,100,34.0,79.6,1011.9,
2026-05-24 12:11:13,-61,100,100,20.5,72.2,1012.5,
2026-05-24 12:11:14,-75,100,100,33.8,47.9,1016.4,
2026-05-24 12:11:15,-66,100,100,34.7,41.5,1012.3,
2026-05-24 12:11:16,-58,100,100,33.8,77.7,1019.1,
2026-05-24 12:11:17,-72,100,100,32.3,44.3,1016.9,
2026-05-24 12:11:18,-58,100,100,34.8,64.6,1017.1,
2026-05-24 12:11:19,-91,100,100,25.0,56.6,1010.5,
2026-05-24 12:11:20,-67,100,100,26.0,52.1,1018.1,
2026-05-24 12:11:21,-60,100,100,27.4,63.7,1018.5,
2026-05-24 12:11:22,-88,100,100,23.8,48.5,1013.6,
2026-05-24 12:11:23,-93,100,100,33.8,49.4,1012.0,
2026-05-24 12:11:24,-88,100,100,26.5,76.4,1018.6,
2026-05-24 12:11:25,-63,100,100,25.7,49.0,1010.6,
2026-05-24 12:11:26,-76,100,100,34.4,49.1,1013.0,
2026-05-24 12:11:27,-95,100,100,23.0,50.7,1013.9,
2026-05-24 12:11:28,-56,100,100,31.8,64.4,1011.3,
2026-05-24 12:11:29,-56,100,100,32.4,40.1,1019.9,
2026-05-24 12:11:30,-74,100,100,23.3,51.0,1015.5,
2026-05-24 12:11:31,-92,100,100,29.8,69.2,1010.5,
2026-05-24 12:11:32,-82,100,100,28.6,77.7,1017.9,
2026-05-24 12:11:33,-64,100,100,25.3,73.7,1014.1,
2026-05-24 12:11:34,-70,100,100,35.0,50.1,1019.8,
2026-05-24 12:11:35,-89,100,100,20.9,64.7,1011.0,
2026-05-24 12:11:36,-95,100,100,31.7,67.6,1012.9,
2026-05-24 12:11:37,-57,100,100,25.6,51.2,1013.9,
2026-05-24 12:11:38,-57,100,100,32.4,53.6,1010.8,
2026-05-24 12:11:39,-72,100,100,21.2,49.8,1017.8,
2026-05-24 12:11:40,-69,100,100,30.2,52.2,1015.2,
2026-05-24 12:11:41,-75,100,100,33.7,45.6,1012.1,
2026-05-24 12:11:42,-77,100,100,26.1,64.2,1016.1,
2026-05-24 12:11:43,-83,100,100,21.3,63.7,1010.8,
2026-05-24 12:11:44,-55,100,100,26.3,62.2,1014.5,
2026-05-24 12:11:45,-80,100,100,22.7,73.9,1017.6,
2026-05-24 12:11:46,-60,100,100,34.9,51.5,1015.7,
2026-05-24 12:11:47,-91,100,100,25.0,79.7,1016.2,
2026-05-24 12:11:48,-80,100,100,34.8,45.3,1010.8,
2026-05-24 12:11:49,-90,100,100,20.9,44.8,1010.7,
2026-05-24 12:11:50,-70,100,100,27.6,42.4,1013.3,
2026-05-24 12:11:51,-93,100,100,24.8,59.9,1016.4,
2026-05-24 12:11:52,-61,100,100,22.1,70.2,1017.0,
2026-05-24 12:11:53,-94,100,100,30.0,45.1,1013.8,
2026-05-24 12:11:54,-64,100,100,30.9,53.9,1013.0,
2026-05-24 12:11:55,-90,100,100,26.7,57.2,1015.4,
2026-05-24 12:11:56,-82,100,100,25.1,64.8,1015.5,
2026-05-24 12:11:57,-72,100,100,31.7,49.8,1015.2,
2026-05-24 12:11:58,-84,100,100,22.7,66.5,1014.0,
2026-05-24 12:11:59,-62,100,100,32.1,67.1,1010.2,
2026-05-24 12:12:00,-78,100,100,25.7,75.3,1015.6,
2026-05-24 12:12:01,-77,100,100,27.5,49.4,1018.5,
2026-05-24 12:12:02,-64,100,100,34.6,51.8,1017.8,
2026-05-24 12:12:03,-58,100,100,34.6,49.8,1012.8,
2026-05-24 12:12:04,-83,100,100,28.3,61.2,1019.7,
2026-05-24 12:12:05,-66,100,100,25.0,74.9,1015.2,
2026-05-24 12:12:06,-63,100,100,26.8,58.7,1018.8,
2026-05-24 12:12:07,-73,100,100,33.7,40.9,1019.1,
2026-05-24 12:12:08,-71,100,100,30.1,63.0,1017.6,
2026-05-24 12:12:09,-80,100,100,26.9,47.8,1015.3,
2026-05-24 12:12:10,-59,100,100,22.2,63.8,1015.3,
2026-05-24 12:12:11,-95,100,100,32.8,67.8,1017.6,
2026-05-24 12:12:12,-84,100,100,27.0,70.5,1017.3,
2026-05-24 12:12:13,-95,100,100,25.2,69.2,1017.3,
2026-05-24 12:12:14,-79,100,100,32.2,67.5,1012.2,
2026-05-24 12:12:15,-60,100,100,20.3,50.4,1016.0,
2026-05-24 12:12:16,-73,100,100,22.0,49.4,1018.2,
2026-05-24 12:12:17,-60,100,100,25.4,75.3,1013.9,
2026-05-24 12:12:18,-85,100,100,28.7,47.0,1018.7,
2026-05-24 12:12:19,-84,100,100,31.6,68.6,1015.9,
2026-05-24 12:12:20,-89,100,100,30.8,72.4,1018.3,
2026-05-24 12:12:21,-61,100,100,20.1,60.6,1019.3,
2026-05-24 12:12:22,-91,100,100,29.6,44.9,1018.5,
2026-05-24 12:12:23,-70,100,100,34.8,74.6,1014.2,
2026-05-24 12:12:24,-81,100,100,30.2,70.2,1017.2,
2026-05-24 12:12:25,-64,100,100,25.9,79.4,1018.8,
2026-05-24 12:12:26,-67,100,100,28.1,61.7,1015.9,
2026-05-24 12:12:27,-57,100,100,26.1,78.1,1011.0,
2026-05-24 12:12:28,-95,100,100,22.4,77.1,1014.7,
2026-05-24 12:12:29,-58,100,100,25.8,71.1,1016.2,
2026-05-24 12:12:30,-64,100,100,26.0,44.7,1017.3,
2026-05-24 12:12:31,-72,100,100,27.3,72.0,1018.6,
2026-05-24 12:12:32,-74,100,100,30.5,49.1,1014.5,
2026-05-24 12:12:33,-80,100,100,29.9,67.1,1010.4,
2026-05-24 12:12:34,-83,100,100,34.0,53.4,1017.2,
2026-05-24 12:12:35,-87,100,100,29.9,79.1,1013.5,
2026-05-24 12:12:36,-91,100,100,27.7,74.5,1012.9,
2026-05-24 12:12:37,-67,100,100,20.7,53.7,1014.7,
2026-05-24 12:12:38,-93,100,100,23.2,61.8,1014.4,
2026-05-24 12:12:39,-66,100,100,33.6,62.9,1016.8,
2026-05-24 12:12:40,-64,100,100,25.0,76.9,1017.7,
2026-05-24 12:12:41,-95,100,100,34.4,53.3,1016.4,
2026-05-24 12:12:42,-84,100,100,27.2,69.0,1012.7,
2026-05-24 12:12:43,-80,100,100,25.2,53.4,1015.7,
2026-05-24 12:12:44,-95,100,100,26.5,58.7,1014.6,
2026-05-24 12:12:45,-78,100,100,27.7,62.2,1014.1,
2026-05-24 12:12:46,-74,100,100,28.9,78.5,1011.5,
2026-05-24 12:12:47,-58,100,100,32.0,56.6,1012.7,
2026-05-24 12:12:48,-55,100,100,31.4,46.9,1016.0,
2026-05-24 12:12:49,-69,100,100,21.4,55.8,1018.9,
2026-05-24 12:12:50,-61,100,100,20.3,53.9,1014.9,
2026-05-24 12:12:51,-69,100,100,28.9,79.7,1013.1,
2026-05-24 12:12:52,-72,100,100,22.8,73.7,1013.8,
2026-05-24 12:12:53,-79,100,100,22.0,40.3,1010.3,
2026-05-24 12:12:54,-74,100,100,22.8,43.9,1010.9,
2026-05-24 12:12:55,-84,100,100,20.7,78.5,1014.5,
2026-05-24 12:12:56,-62,100,100,34.9,46.0,1018.4,
2026-05-24 12:12:57,-84,100,100,33.3,40.3,1011.5,
2026-05-24 12:12:58,-66,100,100,28.6,73.7,1017.4,
2026-05-24 12:12:59,-95,100,100,24.5,65.8,1015.7,
2026-05-24 12:13:00,-85,100,100,22.9,56.2,1010.8,
2026-05-24 12:13:01,-84,100,100,31.7,79.1,1012.8,
2026-05-24 12:13:02,-79,100,100,28.7,55.1,1015.9,
2026-05-24 12:13:03,-62,100,100,29.1,49.4,1011.0,
2026-05-24 12:13:04,-72,100,100,29.3,43.4,1015.3,
2026-05-24 12:13:05,-63,100,100,30.4,61.5,1013.6,
2026-05-24 12:13:06,-74,100,100,20.2,41.8,1013.1,
2026-05-24 12:13:07,-57,100,100,34.9,45.7,1016.4,
2026-05-24 12:13:08,-73,100,100,24.3,78.5,1010.3,
2026-05-24 12:13:09,-73,100,100,25.7,76.1,1017.1,
2026-05-24 12:13:10,-92,100,100,34.9,74.3,1018.6,
2026-05-24 12:13:11,-78,100,100,22.1,76.0,1015.1,
2026-05-24 12:13:12,-85,100,100,34.8,50.4,1016.6,
2026-05-24 12:13:13,-66,100,100,30.8,50.0,1010.1,
2026-05-24 12:13:14,-77,100,100,29.4,51.6,1015.4,
2026-05-24 12:13:15,-87,100,100,34.0,79.1,1013.3,
2026-05-24 12:13:16,-74,100,100,31.6,57.9,1014.9,
2026-05-24 12:13:17,-64,100,100,26.5,47.1,1019.4,
2026-05-24 12:13:18,-59,100,100,26.3,80.0,1011.0,
2026-05-24 12:13:19,-83,100,100,32.2,71.3,1010.9,
2026-05-24 12:13:20,-90,100,100,21.9,64.2,1013.9,
2026-05-24 12:13:21,-83,100,100,34.5,74.7,1010.4,
2026-05-24 12:13:22,-67,100,100,22.4,41.6,1015.8,
2026-05-24 12:13:23,-73,100,100,24.1,65.5,1012.3,
2026-05-24 12:13:24,-94,100,100,28.6,68.1,1017.8,
2026-05-24 12:13:25,-89,100,100,22.5,59.5,1016.1,
2026-05-24 12:13:26,-73,100,100,30.6,74.5,1017.4,
2026-05-24 12:13:27,-70,100,100,31.0,46.1,1020.0,
2026-05-24 12:13:28,-93,100,100,23.1,71.3,1017.6,
2026-05-24 12:13:29,-83,100,100,32.4,69.0,1013.3,
2026-05-24 12:13:30,-85,100,100,32.7,72.0,1015.5,
2026-05-24 12:13:31,-86,100,100,32.0,67.4,1017.2,
2026-05-24 12:13:32,-92,100,100,21.9,59.3,1016.6,
2026-05-24 12:13:33,-84,100,100,27.6,72.2,1013.3,
2026-05-24 12:13:34,-64,100,100,23.8,48.6,1013.0,
2026-05-24 12:13:35,-85,100,100,30.0,48.7,1013.9,
2026-05-24 12:13:36,-74,100,100,22.0,49.6,1012.7,
2026-05-24 12:13:37,-73,100,100,33.3,49.9,1013.5,
2026-05-24 12:13:38,-83,100,100,29.4,57.6,1010.6,
2026-05-24 12:13:39,-55,100,100,32.5,53.8,1015.6,
2026-05-24 12:13:40,-60,100,100,29.5,56.7,1012.1,
2026-05-24 12:13:41,-63,100,100,34.3,43.1,1011.5,
2026-05-24 12:13:42,-77,100,100,26.3,61.9,1015.1,
2026-05-24 12:13:43,-61,100,100,23.8,73.7,1016.8,
2026-05-24 12:13:44,-68,100,100,33.7,52.5,1017.2,
2026-05-24 12:13:45,-80,100,100,24.4,43.0,1015.2,
2026-05-24 12:13:46,-68,100,100,30.6,61.2,1014.2,
2026-05-24 12:13:47,-87,100,100,27.5,69.0,1017.5,
2026-05-24 12:13:48,-89,100,100,29.5,47.3,1012.7,
2026-05-24 12:13:49,-90,100,100,34.9,43.4,1013.2,
2026-05-24 12:13:50,-83,100,100,27.3,49.6,1010.2,
2026-05-24 12:13:51,-71,100,100,31.5,63.3,1017.7,
2026-05-24 12:13:52,-64,100,100,33.0,56.0,1018.3,
2026-05-24 12:13:53,-73,100,100,33.1,62.9,1011.9,
2026-05-24 12:13:54,-62,100,100,31.5,51.2,1019.8,
2026-05-24 12:13:55,-92,100,100,20.7,78.5,1012.8,
2026-05-24 12:13:56,-69,100,100,32.6,71.3,1016.5,
2026-05-24 12:13:57,-80,100,100,24.5,49.0,1019.0,
2026-05-24 12:13:58,-72,100,100,27.5,52.4,1014.9,
2026-05-24 12:13:59,-60,100,100,24.8,74.9,1015.9,
2026-05-24 12:14:00,-80,100,100,26.3,55.3,1018.2,
2026-05-24 12:14:01,-64,100,100,34.2,41.0,1019.9,
2026-05-24 12:14:02,-70,100,100,25.7,63.3,1013.7,
2026-05-24 12:14:03,-62,100,100,28.8,43.5,1013.1,
2026-05-24 12:14:04,-57,100,100,28.4,69.9,1018.6,
2026-05-24 12:14:05,-83,100,100,23.0,46.4,1014.4,
2026-05-24 12:14:06,-65,100,100,30.8,46.3,1013.2,
2026-05-24 12:14:07,-61,100,100,26.3,50.1,1017.9,
2026-05-24 12:14:08,-94,100,100,32.7,43.0,1018.2,
2026-05-24 12:14:09,-94,100,100,32.5,52.5,1019.4,
2026-05-24 12:14:10,-81,100,100,20.2,68.0,1017.8,
2026-05-24 12:14:11,-64,100,100,20.7,52.4,1015.6,
2026-05-24 12:14:12,-95,100,100,28.0,68.3,1015.8,
2026-05-24 12:14:13,-56,100,100,20.7,49.7,1016.4,
2026-05-24 12:14:14,-73,100,100,29.9,58.1,1010.6,
2026-05-24 12:14:15,-77,100,100,25.3,72.7,1018.0,
2026-05-24 12:14:16,-90,100,100,34.2,45.0,1012.4,
2026-05-24 12:14:17,-86,100,100,29.8,69.0,1013.2,
2026-05-24 12:14:18,-63,100,100,20.7,47.0,1013.3,
2026-05-24 12:14:19,-69,100,100,20.4,45.2,1016.7,
2026-05-24 12:14:20,-92,100,100,20.7,71.2,1015.3,
2026-05-24 12:14:22,-83,100,100,29.8,73.2,1015.5,
2026-05-24 12:14:22,-87,100,100,30.3,44.1,1012.0,
2026-05-24 12:14:23,-76,100,100,20.8,57.7,1012.7,
2026-05-24 12:14:24,-92,100,100,23.7,65.2,1010.8,
2026-05-24 12:14:25,-56,100,100,24.6,55.8,1012.7,
2026-05-24 12:14:26,-63,100,100,34.9,73.2,1017.0,
2026-05-24 12:14:27,-57,100,100,30.7,55.3,1011.8,
2026-05-24 12:14:28,-82,100,100,30.0,45.6,1011.7,
2026-05-24 12:14:29,-80,100,100,31.1,55.9,1018.0,
2026-05-24 12:14:30,-60,100,100,20.5,54.9,1018.8,
2026-05-24 12:14:31,-86,100,100,31.8,54.4,1010.5,
2026-05-24 12:14:32,-82,100,100,24.2,54.5,1017.1,
2026-05-24 12:14:33,-57,100,100,24.0,55.7,1018.2,
2026-05-24 12:14:34,-69,100,100,32.5,60.0,1014.9,
2026-05-24 12:14:35,-70,100,100,31.9,42.5,1010.7,
2026-05-24 12:14:36,-63,100,100,27.1,48.2,1015.5,
2026-05-24 12:14:37,-82,100,100,30.4,46.7,1018.6,
2026-05-24 12:14:38,-69,100,100,30.1,72.2,1018.5,
2026-05-24 12:14:39,-95,100,100,26.2,77.9,1019.1,
2026-05-24 12:14:40,-56,100,100,32.3,54.6,1012.9,
2026-05-24 12:14:41,-55,100,100,26.6,55.3,1015.3,
2026-05-24 12:14:42,-92,100,100,29.3,63.3,1010.2,
2026-05-24 12:14:43,-83,100,100,33.1,70.6,1017.9,
2026-05-24 12:14:44,-59,100,100,32.4,72.9,1015.3,
2026-05-24 12:14:45,-92,100,100,23.4,66.4,1017.7,
2026-05-24 12:14:46,-76,100,100,25.5,52.2,1011.9,
2026-05-24 12:14:47,-84,100,100,31.1,63.3,1017.1,
2026-05-24 12:14:48,-64,100,100,32.3,69.7,1017.0,
2026-05-24 12:14:49,-67,100,100,33.7,55.7,1015.5,
2026-05-24 12:14:50,-88,100,100,22.7,44.1,1010.3,
2026-05-24 12:14:51,-91,100,100,28.3,58.6,1015.1,
2026-05-24 12:14:52,-91,100,100,21.2,56.1,1017.1,
2026-05-24 12:14:53,-94,100,100,24.7,48.2,1016.0,
2026-05-24 12:14:54,-77,100,100,28.4,44.7,1017.5,
2026-05-24 12:14:55,-83,100,100,23.7,65.7,1013.9,
2026-05-24 12:14:56,-59,100,100,27.2,45.8,1015.9,
2026-05-24 12:14:57,-78,100,100,27.8,75.4,1011.4,
2026-05-24 12:14:58,-82,100,100,29.7,46.9,1012.6,
2026-05-24 12:14:59,-95,100,100,21.4,40.1,1012.0,
2026-05-24 12:15:00,-95,100,100,28.0,70.4,1013.3,
2026-05-24 12:15:01,-93,100,100,22.9,48.1,1017.7,
2026-05-24 12:15:02,-91,100,100,20.0,70.9,1013.8,
2026-05-24 12:15:03,-93,100,100,29.2,43.2,1013.2,
2026-05-24 12:15:04,-69,100,100,33.3,55.1,1016.3,
2026-05-24 12:15:05,-76,100,100,26.3,55.5,1011.6,
2026-05-24 12:15:06,-69,100,100,25.0,76.5,1019.9,
2026-05-24 12:15:07,-70,100,100,20.2,75.9,1010.6,
2026-05-24 12:15:08,-80,100,100,21.5,57.9,1010.4,
2026-05-24 12:15:09,-85,100,100,29.1,59.0,1012.5,
2026-05-24 12:15:10,-89,100,100,22.7,70.2,1018.4,
2026-05-24 12:15:11,-69,100,100,30.8,60.5,1016.9,
2026-05-24 12:15:12,-76,100,100,28.9,41.2,1018.5,
2026-05-24 12:15:13,-74,100,100,23.5,70.8,1017.9,
2026-05-24 12:15:14,-59,100,100,21.1,47.1,1013.1,
2026-05-24 12:15:15,-90,100,100,22.6,78.5,1013.0,
2026-05-24 12:15:16,-55,100,100,24.7,69.8,1017.8,
2026-05-24 12:15:17,-65,100,100,26.3,55.7,1019.9,
2026-05-24 12:15:18,-62,100,100,31.4,68.8,1011.8,
2026-05-24 12:15:19,-94,100,100,30.3,42.3,1016.2,
2026-05-24 12:15:20,-64,100,100,22.0,70.2,1020.0,
2026-05-24 12:15:21,-76,100,100,32.3,57.6,1018.1,
2026-05-24 12:15:22,-67,100,100,30.0,64.9,1015.4,
2026-05-24 12:15:23,-68,100,100,30.6,50.2,1016.3,
2026-05-24 12:15:24,-66,100,100,26.7,69.9,1012.5,
2026-05-24 12:15:25,-69,100,100,34.6,47.4,1016.2,
2026-05-24 12:15:26,-74,100,100,30.3,68.2,1017.2,
2026-05-24 12:15:27,-57,100,100,25.6,44.3,1011.8,
2026-05-24 12:15:28,-75,100,100,28.2,51.0,1015.4,
2026-05-24 12:15:29,-76,100,100,22.0,78.0,1016.5,
2026-05-24 12:15:30,-82,100,100,25.4,51.6,1015.9,
2026-05-24 12:15:31,-57,100,100,34.6,41.0,1011.3,
2026-05-24 12:15:32,-58,100,100,22.2,76.0,1016.5,
2026-05-24 12:15:33,-59,100,100,25.8,57.3,1015.2,
2026-05-24 12:15:34,-56,100,100,31.1,63.9,1013.3,
2026-05-24 12:15:35,-89,100,100,32.7,78.7,1014.1,
2026-05-24 12:15:36,-75,100,100,20.2,47.5,1013.1,
2026-05-24 12:15:37,-81,100,100,27.7,78.5,1011.2,
2026-05-24 12:15:38,-68,100,100,22.2,56.0,1016.7,
2026-05-24 12:15:39,-59,100,100,29.7,43.8,1017.4,
2026-05-24 12:15:40,-61,100,100,26.3,78.0,1011.5,
2026-05-24 12:15:41,-85,100,100,31.2,68.7,1011.6,
2026-05-24 12:15:42,-59,100,100,27.1,61.1,1016.3,
2026-05-24 12:15:43,-92,100,100,24.1,66.9,1015.6,
2026-05-24 12:15:44,-79,100,100,30.5,48.3,1016.4,
2026-05-24 12:15:45,-75,100,100,20.8,57.6,1016.3,
2026-05-24 12:15:46,-79,100,100,22.7,66.4,1018.3,
2026-05-24 12:15:47,-71,100,100,26.5,74.2,1019.5,
2026-05-24 12:15:48,-80,100,100,30.2,66.0,1012.3,
2026-05-24 12:15:49,-62,100,100,20.2,62.3,1011.9,
2026-05-24 12:15:50,-86,100,100,33.0,68.0,1018.7,
2026-05-24 12:15:51,-81,100,100,22.8,45.4,1019.5,
2026-05-24 12:15:52,-59,100,100,29.1,78.6,1014.1,
2026-05-24 12:15:53,-89,100,100,31.7,46.8,1012.1,
2026-05-24 12:15:54,-95,100,100,30.6,64.1,1017.0,
2026-05-24 12:15:55,-71,100,100,29.8,57.1,1011.1,
2026-05-24 12:15:56,-87,100,100,30.2,57.3,1010.8,
2026-05-24 12:15:57,-83,100,100,22.1,78.9,1017.6,
2026-05-24 12:15:58,-94,100,100,33.9,75.7,1013.6,
2026-05-24 12:15:59,-81,100,100,31.7,72.2,1012.5,
2026-05-24 12:16:00,-76,100,100,26.6,79.7,1016.7,
2026-05-24 12:16:01,-59,100,100,32.7,60.9,1013.4,
2026-05-24 12:16:02,-89,100,100,33.2,61.8,1015.9,
2026-05-24 12:16:03,-75,100,100,29.4,77.3,1010.4,
2026-05-24 12:16:04,-74,100,100,21.3,46.6,1011.7,
2026-05-24 12:16:05,-62,100,100,27.4,76.3,1012.8,
2026-05-24 12:16:06,-83,100,100,29.3,64.8,1011.9,
2026-05-24 12:16:07,-62,100,100,24.3,45.0,1012.9,
2026-05-24 12:16:08,-64,100,100,29.0,75.3,1010.8,
2026-05-24 12:16:09,-82,100,100,21.7,62.7,1011.0,
2026-05-24 12:16:10,-80,100,100,21.0,47.3,1010.4,
2026-05-24 12:16:11,-86,100,100,32.0,64.6,1016.1,
2026-05-24 12:16:12,-70,100,100,27.1,43.7,1016.9,
2026-05-24 12:16:13,-95,100,100,20.4,66.8,1010.1,
2026-05-24 12:16:14,-61,100,100,26.6,52.2,1016.9,
2026-05-24 12:16:15,-92,100,100,21.1,76.8,1014.0,
2026-05-24 12:16:16,-64,100,100,33.1,45.6,1018.2,
2026-05-24 12:16:17,-85,100,100,20.3,44.1,1011.2,
2026-05-24 12:16:18,-87,100,100,30.3,58.8,1010.3,
2026-05-24 12:16:19,-83,100,100,31.5,51.7,1012.4,
2026-05-24 12:16:20,-76,100,100,21.0,40.7,1010.7,
2026-05-24 12:16:21,-95,100,100,20.5,73.5,1016.7,
2026-05-24 12:16:22,-59,100,100,30.4,40.2,1014.7,
2026-05-24 12:16:23,-61,100,100,22.3,62.1,1010.0,
2026-05-24 12:16:24,-72,100,100,27.3,68.7,1018.0,
2026-05-24 12:16:25,-75,100,100,33.2,67.0,1017.0,
2026-05-24 12:16:26,-90,100,100,29.5,70.5,1018.7,
2026-05-24 12:16:27,-85,100,100,20.5,65.6,1011.5,
2026-05-24 12:16:28,-67,100,100,20.6,77.6,1018.7,
2026-05-24 12:16:29,-77,100,100,31.8,49.8,1017.2,
2026-05-24 12:16:30,-62,100,100,26.5,42.3,1010.0,
2026-05-24 12:16:31,-93,100,100,34.7,71.2,1019.9,
2026-05-24 12:16:32,-92,100,100,29.5,68.3,1016.0,
2026-05-24 12:16:33,-79,100,100,31.7,79.7,1012.4,
2026-05-24 12:16:34,-67,100,100,24.4,42.4,1015.7,
2026-05-24 12:16:35,-55,100,100,22.5,46.6,1019.2,
2026-05-24 12:16:36,-80,100,100,26.3,40.1,1018.2,
2026-05-24 12:16:37,-80,100,100,24.0,56.1,1018.9,
2026-05-24 12:16:38,-80,100,100,25.3,75.7,1012.5,
2026-05-24 12:16:39,-75,100,100,31.5,60.3,1019.0,
2026-05-24 12:16:40,-84,100,100,32.5,43.8,1013.9,
2026-05-24 12:16:41,-86,100,100,24.5,74.7,1016.8,
2026-05-24 12:16:42,-71,100,100,32.9,60.5,1014.0,
2026-05-24 12:16:43,-70,100,100,30.7,70.8,1011.9,
2026-05-24 12:16:44,-59,100,100,32.6,57.8,1011.1,
2026-05-24 12:16:45,-81,100,100,25.3,74.9,1015.1,
2026-05-24 12:16:46,-73,100,100,32.6,79.7,1014.3,
2026-05-24 12:16:47,-58,100,100,24.5,68.4,1013.9,
2026-05-24 12:16:48,-85,100,100,31.4,66.8,1016.5,
2026-05-24 12:16:49,-67,100,100,24.4,72.1,1018.3,
2026-05-24 12:16:50,-95,100,100,26.5,49.7,1020.0,
2026-05-24 12:16:51,-76,100,100,27.9,45.5,1012.4,
2026-05-24 12:16:52,-76,100,100,26.1,58.4,1013.1,
2026-05-24 12:16:53,-69,100,100,24.1,57.4,1018.1,
2026-05-24 12:16:54,-67,100,100,28.0,70.6,1010.5,
2026-05-24 12:16:55,-93,100,100,34.3,73.1,1011.7,
2026-05-24 12:16:56,-58,100,100,24.1,66.9,1010.8,
2026-05-24 12:16:57,-89,100,100,22.2,58.0,1012.8,
2026-05-24 12:16:58,-95,100,100,25.9,66.5,1019.8,
2026-05-24 12:16:59,-81,100,100,33.2,76.0,1017.9,
2026-05-24 12:17:00,-63,100,100,31.0,53.9,1019.9,
2026-05-24 12:17:01,-63,100,100,21.2,58.2,1011.9,
2026-05-24 12:17:02,-76,100,100,33.7,50.7,1010.5,
2026-05-24 12:17:03,-60,100,100,31.8,61.1,1017.1,
2026-05-24 12:17:04,-76,100,100,28.7,55.3,1013.5,
2026-05-24 12:17:05,-66,100,100,27.6,44.9,1017.9,
2026-05-24 12:17:06,-91,100,100,26.0,47.5,1016.2,
2026-05-24 12:17:07,-79,100,100,21.3,43.6,1011.3,
2026-05-24 12:17:08,-86,100,100,21.6,71.0,1015.3,
2026-05-24 12:17:09,-82,100,100,22.5,40.8,1012.3,
2026-05-24 12:17:10,-84,100,100,20.7,43.7,1017.5,
2026-05-24 12:17:11,-84,100,100,20.0,61.3,1011.7,
2026-05-24 12:17:12,-72,100,100,23.5,72.3,1015.2,
2026-05-24 12:17:13,-81,100,100,32.2,50.8,1010.9,
2026-05-24 12:17:14,-83,100,100,33.9,53.4,1012.4,
2026-05-24 12:17:15,-81,100,100,34.5,53.7,1010.6,
2026-05-24 12:17:16,-95,100,100,30.3,52.2,1011.4,
2026-05-24 12:17:17,-55,100,100,27.3,63.9,1010.2,
2026-05-24 12:17:18,-89,100,100,31.4,57.2,1016.0,
2026-05-24 12:17:19,-72,100,100,33.5,54.7,1015.7,
2026-05-24 12:17:20,-87,100,100,30.4,77.1,1017.4,
2026-05-24 12:17:21,-72,100,100,23.6,79.5,1017.9,
2026-05-24 12:17:22,-84,100,100,27.9,73.4,1019.1,
2026-05-24 12:17:23,-93,100,100,26.6,58.5,1017.4,
2026-05-24 12:17:24,-92,100,100,33.4,55.0,1019.0,
2026-05-24 12:17:25,-65,100,100,24.1,64.6,1019.1,
2026-05-24 12:17:26,-85,100,100,25.6,74.7,1018.7,
2026-05-24 12:17:27,-55,100,100,34.8,58.2,1016.9,
2026-05-24 12:17:28,-82,100,100,31.9,56.7,1013.4,
2026-05-24 12:17:29,-63,100,100,28.6,63.3,1014.8,
2026-05-24 12:17:30,-72,100,100,30.9,64.3,1018.3,
2026-05-24 12:17:31,-89,100,100,21.2,50.4,1018.4,
2026-05-24 12:17:32,-57,100,100,22.5,72.4,1018.2,
2026-05-24 12:17:33,-81,100,100,29.0,67.4,1016.5,
2026-05-24 12:17:34,-71,100,100,23.0,43.2,1011.9,
2026-05-24 12:17:35,-56,100,100,29.4,55.1,1014.1,
2026-05-24 12:17:36,-78,100,100,21.4,45.9,1012.8,
2026-05-24 12:17:37,-62,100,100,32.9,63.5,1012.8,
2026-05-24 12:17:38,-69,100,100,33.7,74.4,1017.5,
2026-05-24 12:17:39,-72,100,100,22.2,67.5,1011.2,
2026-05-24 12:17:40,-91,100,100,28.5,67.6,1014.3,
2026-05-24 12:17:41,-77,100,100,25.3,60.3,1017.4,
2026-05-24 12:17:42,-91,100,100,27.0,59.0,1013.5,
2026-05-24 12:17:43,-75,100,100,30.6,74.6,1012.4,
2026-05-24 12:17:44,-85,100,100,24.0,42.5,1018.8,
2026-05-24 12:17:45,-65,100,100,34.4,70.7,1015.7,
2026-05-24 12:17:46,-94,100,100,31.2,64.4,1017.5,
2026-05-24 12:17:47,-71,100,100,30.7,59.5,1017.8,
2026-05-24 12:17:48,-90,100,100,22.7,78.9,1018.3,
2026-05-24 12:17:49,-75,100,100,34.1,48.6,1017.8,
2026-05-24 12:17:50,-64,100,100,20.4,43.1,1017.2,
2026-05-24 12:17:51,-83,100,100,23.0,41.0,1016.3,
2026-05-24 12:17:52,-75,100,100,21.6,64.2,1011.5,
2026-05-24 12:17:53,-90,100,100,32.9,59.3,1017.5,
2026-05-24 12:17:54,-94,100,100,28.9,51.4,1012.2,
2026-05-24 12:17:55,-60,100,100,33.7,48.3,1011.5,
2026-05-24 12:17:56,-68,100,100,28.3,58.0,1012.0,
2026-05-24 12:17:57,-72,100,100,31.3,76.2,1019.3,
2026-05-24 12:17:58,-79,100,100,20.9,63.9,1016.1,
2026-05-24 12:17:59,-59,100,100,31.8,47.0,1016.1,
2026-05-24 12:18:00,-60,100,100,32.2,54.3,1015.5,
2026-05-24 12:18:01,-59,100,100,34.3,79.8,1013.7,
2026-05-24 12:18:02,-79,100,100,33.0,72.2,1016.2,
2026-05-24 12:18:03,-88,100,100,22.0,69.5,1014.1,
2026-05-24 12:18:04,-76,100,100,28.0,62.5,1018.4,
2026-05-24 12:18:05,-76,100,100,21.7,67.4,1015.8,
2026-05-24 12:18:06,-71,100,100,33.1,47.7,1012.8,
2026-05-24 12:18:07,-72,100,100,26.0,65.0,1011.3,
2026-05-24 12:18:08,-88,100,100,24.2,74.3,1019.1,
2026-05-24 12:18:09,-90,100,100,20.4,52.5,1013.3,
2026-05-24 12:18:10,-69,100,100,32.0,68.0,1010.7,
2026-05-24 12:18:11,-70,100,100,32.8,57.0,1015.4,
2026-05-24 12:18:12,-60,100,100,25.3,63.8,1017.4,
2026-05-24 12:18:13,-59,100,100,20.8,51.9,1010.1,
2026-05-24 12:18:14,-87,100,100,22.4,47.5,1011.7,
2026-05-24 12:18:15,-94,100,100,29.2,79.7,1018.1,
2026-05-24 12:18:16,-70,100,100,32.8,42.5,1017.3,
2026-05-24 12:18:17,-55,100,100,31.4,73.4,1016.4,
2026-05-24 12:18:18,-91,100,100,22.5,41.5,1015.0,
2026-05-24 12:18:19,-70,100,100,32.1,59.7,1017.0,
2026-05-24 12:18:20,-81,100,100,32.4,52.4,1018.8,
2026-05-24 12:18:21,-91,100,100,34.1,69.3,1013.7,
2026-05-24 12:18:22,-79,100,100,31.4,68.7,1019.3,
2026-05-24 12:18:23,-72,100,100,27.8,63.8,1018.8,
2026-05-24 12:18:24,-63,100,100,22.9,56.0,1011.5,
2026-05-24 12:18:25,-84,100,100,21.6,68.6,1014.3,
2026-05-24 12:18:26,-85,100,100,32.5,44.7,1020.0,
2026-05-24 12:18:27,-63,100,100,30.8,59.3,1013.3,
2026-05-24 12:18:28,-86,100,100,31.8,62.8,1014.6,
2026-05-24 12:18:29,-94,100,100,23.3,54.5,1018.5,
2026-05-24 12:18:30,-62,100,100,32.3,70.6,1011.1,
2026-05-24 12:18:31,-70,100,100,29.4,72.4,1011.6,
2026-05-24 12:18:32,-62,100,100,23.4,43.4,1010.6,
2026-05-24 12:18:33,-71,100,100,31.9,57.4,1017.8,
2026-05-24 12:18:34,-76,100,100,32.1,54.4,1015.5,
2026-05-24 12:18:35,-90,100,100,31.6,63.6,1013.7,
2026-05-24 12:18:36,-89,100,100,33.2,77.6,1012.4,
2026-05-24 12:18:37,-71,100,100,29.3,63.0,1014.7,
2026-05-24 12:18:38,-84,100,100,28.3,42.7,1015.8,
2026-05-24 12:18:39,-79,100,100,32.0,56.3,1019.7,
2026-05-24 12:18:40,-91,100,100,26.6,68.2,1017.9,
2026-05-24 12:18:41,-89,100,100,32.5,57.5,1019.4,
2026-05-24 12:18:42,-81,100,100,26.4,63.2,1014.6,
2026-05-24 12:18:43,-76,100,100,32.0,48.6,1017.7,
2026-05-24 12:18:44,-61,100,100,24.5,67.9,1019.7,
2026-05-24 12:18:45,-55,100,100,34.0,46.9,1018.2,
2026-05-24 12:18:46,-72,100,100,27.1,53.6,1011.2,
2026-05-24 12:18:47,-91,100,100,22.5,47.9,1010.8,
2026-05-24 12:18:48,-60,100,100,28.5,72.8,1019.7,
2026-05-24 12:18:49,-68,100,100,29.5,72.8,1015.9,
2026-05-24 12:18:50,-72,100,100,24.5,69.2,1013.7,
2026-05-24 12:18:51,-93,100,100,22.7,48.3,1011.2,
2026-05-24 12:18:52,-81,100,100,31.3,45.5,1013.3,
2026-05-24 12:18:53,-64,100,100,34.1,49.2,1011.3,
2026-05-24 12:18:54,-74,100,100,30.3,74.0,1010.3,
2026-05-24 12:18:55,-81,100,100,25.4,68.7,1014.1,
2026-05-24 12:18:56,-66,100,100,22.1,49.3,1013.6,
2026-05-24 12:18:57,-86,100,100,31.1,50.3,1014.0,
2026-05-24 12:18:58,-66,100,100,26.0,69.8,1014.1,
2026-05-24 12:18:59,-91,100,100,21.7,51.3,1010.6,
2026-05-24 12:19:00,-81,100,100,32.0,57.5,1017.0,
2026-05-24 12:19:01,-86,100,100,23.4,71.9,1016.9,
2026-05-24 12:19:02,-85,100,100,30.9,53.5,1014.0,
2026-05-24 12:19:03,-62,100,100,22.0,49.2,1015.0,
2026-05-24 12:19:04,-82,100,100,33.2,68.4,1011.8,
2026-05-24 12:19:05,-75,100,100,26.0,51.9,1010.5,
2026-05-24 12:19:06,-89,100,100,22.9,51.7,1016.0,
2026-05-24 12:19:07,-87,100,100,26.9,78.1,1016.9,
2026-05-24 12:19:08,-55,100,100,32.5,65.6,1010.9,
2026-05-24 12:19:09,-86,100,100,23.2,68.9,1018.5,
2026-05-24 12:19:10,-90,100,100,27.0,58.7,1011.9,
2026-05-24 12:19:11,-73,100,100,24.8,67.8,1013.2,
2026-05-24 12:19:12,-86,100,100,22.7,54.4,1015.2,
2026-05-24 12:19:13,-86,100,100,29.5,44.4,1010.6,
2026-05-24 12:19:14,-86,100,100,34.2,79.7,1018.0,
2026-05-24 12:19:15,-69,100,100,21.7,46.0,1011.3,
2026-05-24 12:19:16,-76,100,100,32.8,69.9,1019.5,
2026-05-24 12:19:17,-59,100,100,27.3,66.6,1014.2,
2026-05-24 12:19:18,-60,100,100,20.8,46.1,1014.6,
2026-05-24 12:19:19,-73,100,100,24.2,49.0,1010.3,
2026-05-24 12:19:20,-87,100,100,24.3,77.2,1014.5,
2026-05-24 12:19:21,-70,100,100,34.0,54.0,1017.1,
2026-05-24 12:19:22,-78,100,100,34.5,79.6,1011.4,
2026-05-24 12:19:23,-92,100,100,34.6,54.7,1017.3,
2026-05-24 12:19:24,-70,100,100,33.4,74.5,1010.2,
2026-05-24 12:19:25,-78,100,100,24.8,79.2,1016.9,
2026-05-24 12:19:26,-93,100,100,21.7,53.8,1017.1,
2026-05-24 12:19:27,-92,100,100,27.9,61.0,1018.5,
2026-05-24 12:19:28,-90,100,100,35.0,49.7,1013.6,
2026-05-24 12:19:29,-91,100,100,30.0,60.3,1010.5,
2026-05-24 12:19:30,-74,100,100,21.2,60.4,1016.5,
2026-05-24 12:19:31,-82,100,100,28.7,65.9,1018.2,
2026-05-24 12:19:32,-69,100,100,21.1,59.5,1014.7,
2026-05-24 12:19:33,-92,100,100,30.3,64.0,1014.5,
2026-05-24 12:19:34,-73,100,100,33.1,55.0,1017.8,
2026-05-24 12:19:35,-95,100,100,24.8,64.0,1015.7,
2026-05-24 12:19:36,-72,100,100,31.8,51.0,1011.8,
2026-05-24 12:19:37,-74,100,100,27.6,58.3,1013.5,
2026-05-24 12:19:38,-77,100,100,32.9,40.6,1010.2,
2026-05-24 12:19:39,-84,100,100,27.9,51.3,1011.0,
2026-05-24 12:19:40,-58,100,100,23.7,66.4,1010.3,
2026-05-24 12:19:41,-63,100,100,31.3,78.5,1013.7,
2026-05-24 12:19:42,-55,100,100,31.9,66.2,1019.3,
2026-05-24 12:19:43,-62,100,100,21.6,71.1,1016.3,
2026-05-24 12:19:44,-56,100,100,21.5,65.9,1012.2,
2026-05-24 12:19:45,-81,100,100,22.7,65.6,1017.8,
2026-05-24 12:19:46,-88,100,100,26.4,77.4,1018.7,
2026-05-24 12:19:47,-67,100,100,32.0,42.7,1015.6,
2026-05-24 12:19:48,-92,100,100,22.1,58.2,1012.6,
2026-05-24 12:19:49,-89,100,100,30.0,43.6,1016.6,
2026-05-24 12:19:50,-61,100,100,29.8,59.7,1018.2,
2026-05-24 12:19:51,-83,100,100,24.2,71.9,1017.7,
2026-05-24 12:19:52,-83,100,100,24.7,52.1,1018.6,
2026-05-24 12:19:53,-89,100,100,26.0,58.7,1011.0,
2026-05-24 12:19:54,-80,100,100,29.2,67.9,1016.7,
2026-05-24 12:19:55,-70,100,100,27.2,55.5,1014.0,
2026-05-24 12:19:56,-74,100,100,27.3,40.2,1019.1,
2026-05-24 12:19:57,-70,100,100,22.3,57.3,1015.2,
2026-05-24 12:19:58,-94,100,100,28.6,66.6,1013.0,
2026-05-24 12:19:59,-64,100,100,30.0,78.4,1015.8,
2026-05-24 12:20:00,-57,100,100,22.9,57.1,1011.9,
2026-05-24 12:20:01,-89,100,100,30.1,67.7,1010.8,
2026-05-24 12:20:02,-75,100,100,31.3,78.1,1013.1,
2026-05-24 12:20:03,-93,100,100,23.4,64.9,1017.7,
2026-05-24 12:20:04,-71,100,100,34.7,65.7,1013.6,
2026-05-24 12:20:05,-66,100,100,27.4,46.2,1013.0,
2026-05-24 12:20:06,-88,100,100,31.5,41.7,1013.9,
2026-05-24 12:20:07,-94,100,100,21.3,70.6,1016.2,
2026-05-24 12:20:08,-70,100,100,23.2,43.3,1015.5,
2026-05-24 12:20:09,-85,100,100,26.3,71.3,1011.7,
2026-05-24 12:20:10,-78,100,100,25.3,55.2,1010.2,
2026-05-24 12:20:11,-65,100,100,25.3,52.9,1018.8,
2026-05-24 12:20:12,-70,100,100,32.4,41.2,1010.9,
2026-05-24 12:20:13,-92,100,100,26.5,75.3,1013.9,
2026-05-24 12:20:14,-71,100,100,28.4,63.7,1012.8,
2026-05-24 12:20:15,-64,100,100,29.4,50.0,1010.6,
2026-05-24 12:20:16,-65,100,100,26.5,45.4,1014.4,
2026-05-24 12:20:17,-75,100,100,27.4,66.1,1011.5,
2026-05-24 12:20:18,-73,100,100,31.0,56.8,1010.4,
2026-05-24 12:20:19,-70,100,100,32.7,67.1,1015.0,
2026-05-24 12:20:20,-89,100,100,28.9,53.0,1010.8,
2026-05-24 12:20:21,-55,100,100,26.5,48.8,1013.4,
2026-05-24 12:20:22,-81,100,100,30.1,47.1,1017.5,
2026-05-24 12:20:23,-58,100,100,26.9,72.0,1017.1,
2026-05-24 12:20:24,-64,100,100,28.1,72.9,1013.0,
2026-05-24 12:20:25,-90,100,100,26.0,53.9,1013.1,
2026-05-24 12:20:26,-77,100,100,20.8,52.5,1015.0,
2026-05-24 12:20:27,-91,100,100,23.5,74.5,1017.9,
2026-05-24 12:20:28,-81,100,100,22.7,55.7,1010.7,
2026-05-24 12:20:29,-63,100,100,32.8,72.7,1013.8,
2026-05-24 12:20:30,-67,100,100,27.9,49.1,1019.2,
2026-05-24 12:20:31,-81,100,100,23.9,55.0,1014.0,
2026-05-24 12:20:32,-72,100,100,33.8,80.0,1015.2,
2026-05-24 12:20:33,-93,100,100,23.7,70.8,1012.0,
2026-05-24 12:20:34,-63,100,100,22.9,73.0,1012.0,
2026-05-24 12:20:35,-68,100,100,31.6,60.1,1017.8,
2026-05-24 12:20:36,-88,100,100,31.5,44.0,1011.9,
2026-05-24 12:20:37,-90,100,100,22.2,75.5,1011.0,
2026-05-24 12:20:38,-68,100,100,32.2,61.2,1019.9,
2026-05-24 12:20:39,-94,100,100,32.6,73.9,1018.6,
2026-05-24 12:20:40,-80,100,100,27.4,42.2,1016.7,
2026-05-24 12:20:41,-73,100,100,33.3,44.3,1016.7,
2026-05-24 12:20:42,-71,100,100,31.4,50.4,1019.3,
2026-05-24 12:20:43,-92,100,100,28.4,55.5,1017.9,
2026-05-24 12:20:44,-93,100,100,30.3,53.7,1014.6,
2026-05-24 12:20:45,-64,100,100,27.1,64.7,1013.8,
2026-05-24 12:20:46,-88,100,100,20.5,61.2,1012.4,
2026-05-24 12:20:47,-64,100,100,21.4,78.0,1017.6,
2026-05-24 12:20:48,-75,100,100,28.1,59.8,1014.9,
2026-05-24 12:20:49,-78,100,100,28.1,62.8,1019.3,
2026-05-24 12:20:50,-62,100,100,31.4,52.0,1016.5,
2026-05-24 12:20:51,-84,100,100,21.7,47.2,1010.9,
2026-05-24 12:20:52,-75,100,100,31.0,73.0,1015.1,
2026-05-24 12:20:53,-75,100,100,23.9,75.4,1018.5,
2026-05-24 12:20:54,-63,100,100,28.8,53.7,1016.4,
2026-05-24 12:20:55,-95,100,100,22.5,56.6,1011.7,
2026-05-24 12:20:56,-85,100,100,29.7,64.4,1010.3,
2026-05-24 12:20:57,-79,100,100,27.5,58.0,1017.6,
2026-05-24 12:20:58,-62,100,100,31.3,50.8,1012.0,
2026-05-24 12:20:59,-69,100,100,23.4,57.6,1012.9,
2026-05-24 12:21:00,-72,100,100,23.5,58.4,1018.2,
2026-05-24 12:21:01,-67,100,100,27.8,65.3,1012.3,
2026-05-24 12:21:02,-73,100,100,20.5,50.2,1019.0,
2026-05-24 12:21:03,-88,100,100,28.9,50.7,1017.4,
2026-05-24 12:21:04,-66,100,100,28.6,40.7,1010.1,
2026-05-24 12:21:05,-75,100,100,25.2,76.2,1011.9,
2026-05-24 12:21:06,-83,100,100,33.2,47.8,1016.3,
2026-05-24 12:21:07,-62,100,100,24.5,69.0,1016.0,
2026-05-24 12:21:08,-78,100,100,21.3,76.7,1015.0,
2026-05-24 12:21:09,-85,100,100,29.9,59.0,1014.6,
2026-05-24 12:21:10,-82,100,100,23.7,71.1,1014.1,
2026-05-24 12:21:11,-75,100,100,29.8,77.5,1019.7,
2026-05-24 12:21:12,-62,100,100,29.5,74.5,1015.8,
2026-05-24 12:21:13,-59,100,100,27.0,48.5,1014.1,
2026-05-24 12:21:14,-84,100,100,22.2,77.9,1019.6,
2026-05-24 15:33:08,-95,100,100,22.7,70.5,1013.9,
2026-05-24 15:33:09,-67,100,100,31.3,74.5,1010.7,
2026-05-24 15:33:10,-55,100,100,22.1,57.1,1011.7,
2026-05-24 15:33:11,-57,100,100,22.4,61.4,1013.3,
2026-05-24 15:33:12,-66,100,100,24.9,68.7,1013.4,
2026-05-24 15:33:13,-91,100,100,21.8,69.5,1010.3,
2026-05-24 15:33:14,-65,100,100,31.2,65.8,1010.8,
2026-05-24 15:33:15,-84,100,100,26.3,66.5,1010.1,
2026-05-24 15:33:16,-87,100,100,29.8,68.8,1012.7,
2026-05-24 15:33:17,-88,100,100,28.2,47.3,1015.1,
2026-05-24 15:33:18,-60,100,100,24.2,74.4,1017.4,
2026-05-24 15:33:19,-92,100,100,21.1,41.6,1013.0,
2026-05-24 15:33:20,-79,100,100,24.9,43.7,1018.0,
2026-05-24 15:33:21,-87,100,100,33.1,75.7,1010.4,
2026-05-24 15:33:22,-81,100,100,26.7,69.3,1010.0,
2026-05-24 15:33:23,-63,100,100,27.2,40.3,1019.9,
2026-05-24 15:33:24,-92,100,100,21.6,61.2,1010.1,
2026-05-24 15:33:25,-69,100,100,27.7,57.6,1016.6,
2026-05-24 15:33:26,-66,100,100,29.7,65.2,1017.8,
2026-05-24 15:33:27,-73,100,100,27.5,49.3,1016.3,
2026-05-24 15:33:28,-65,100,100,29.4,79.7,1017.8,
2026-05-24 15:33:29,-77,100,100,27.1,66.1,1010.3,
2026-05-24 15:33:30,-58,100,100,31.5,66.9,1010.7,
2026-05-24 15:33:31,-85,100,100,25.3,52.8,1014.9,
2026-05-24 15:33:32,-93,100,100,22.7,70.0,1014.3,
2026-05-24 15:33:33,-66,100,100,31.3,55.4,1011.0,
2026-05-24 15:33:34,-87,100,100,25.0,57.8,1014.8,
2026-05-24 15:33:35,-56,100,100,23.9,69.3,1018.8,
2026-05-24 15:33:36,-88,100,100,30.4,58.3,1019.6,
2026-05-24 15:33:37,-61,100,100,32.6,65.5,1011.7,
2026-05-24 15:33:38,-64,100,100,30.3,53.5,1010.6,
2026-05-24 15:33:39,-82,100,100,29.2,66.4,1010.3,
2026-05-24 15:33:40,-61,100,100,27.4,48.0,1012.6,
2026-05-24 15:33:41,-63,100,100,29.9,56.2,1010.6,
2026-05-24 15:33:42,-66,100,100,33.2,78.2,1010.7,
2026-05-24 15:33:43,-67,100,100,23.5,42.3,1015.4,
2026-05-24 15:33:44,-92,100,100,32.1,78.3,1013.2,
2026-05-24 15:33:45,-74,100,100,30.5,75.1,1018.7,
2026-05-24 15:33:46,-67,100,100,23.0,49.7,1013.5,
2026-05-24 15:33:47,-79,100,100,32.9,40.7,1013.6,
2026-05-24 15:33:48,-65,100,100,30.9,46.3,1016.5,
2026-05-24 15:33:49,-82,100,100,22.9,47.8,1014.3,
2026-05-24 15:33:50,-88,100,100,24.3,49.3,1012.3,
2026-05-24 15:33:51,-61,100,100,31.6,54.1,1018.7,
2026-05-24 15:33:52,-82,100,100,24.6,60.6,1011.8,
2026-05-24 15:33:53,-74,100,100,30.8,60.2,1010.1,
2026-05-24 15:33:54,-67,100,100,34.7,78.5,1011.0,
2026-05-24 15:33:55,-85,100,100,22.1,61.0,1012.0,
2026-05-24 15:33:56,-73,100,100,21.1,52.5,1011.3,
2026-05-24 15:33:57,-78,100,100,33.5,45.6,1010.1,
2026-05-24 15:33:58,-66,100,100,27.1,73.7,1012.5,
2026-05-24 15:33:59,-79,100,100,31.2,69.7,1014.2,
2026-05-24 15:34:00,-74,100,100,21.9,77.0,1011.6,
2026-05-24 15:34:01,-90,100,100,30.6,56.1,1012.4,
2026-05-24 15:34:02,-69,100,100,33.7,78.7,1019.3,
2026-05-24 15:34:03,-93,100,100,22.8,53.8,1015.1,
2026-05-24 15:34:04,-61,100,100,34.5,49.1,1018.2,
2026-05-24 15:34:05,-79,100,100,27.6,76.4,1011.4,
2026-05-24 15:34:06,-90,100,100,30.4,57.7,1011.2,
2026-05-24 15:34:07,-77,100,100,29.2,71.1,1014.0,
2026-05-24 15:34:08,-80,100,100,28.9,62.2,1018.5,
2026-05-24 15:34:09,-93,100,100,33.3,77.8,1016.8,
2026-05-24 15:34:10,-86,100,100,23.9,75.2,1010.4,
2026-05-24 15:34:11,-85,100,100,26.6,41.9,1013.9,
2026-05-24 15:34:12,-84,100,100,26.8,73.5,1017.9,
2026-05-24 15:34:13,-95,100,100,24.1,46.3,1017.3,
2026-05-24 15:34:14,-62,100,100,34.1,52.8,1015.5,
2026-05-24 15:34:15,-71,100,100,28.2,73.1,1012.6,
2026-05-24 15:34:16,-94,100,100,23.9,77.4,1011.3,
2026-05-24 15:34:17,-80,100,100,20.9,40.7,1014.5,
2026-05-24 15:34:18,-77,100,100,30.2,57.2,1018.6,
2026-05-24 15:34:19,-57,100,100,31.0,73.9,1016.7,
2026-05-24 15:34:20,-81,100,100,27.4,64.2,1016.0,
2026-05-24 15:34:21,-55,100,100,20.1,43.0,1017.1,
2026-05-24 15:34:22,-82,100,100,32.2,48.3,1017.3,
2026-05-24 15:34:23,-75,100,100,21.3,59.4,1015.2,
2026-05-24 15:34:24,-61,100,100,25.2,47.9,1017.7,
2026-05-24 15:34:25,-73,100,100,25.7,44.0,1013.8,
2026-05-24 15:34:26,-92,100,100,24.2,56.6,1015.3,
2026-05-24 15:34:27,-73,100,100,22.0,64.0,1012.5,
2026-05-24 15:34:28,-78,100,100,21.6,78.1,1011.9,
2026-05-24 15:34:29,-56,100,100,23.9,54.8,1014.2,
2026-05-24 15:34:30,-93,100,100,24.3,67.1,1019.7,
2026-05-24 15:34:31,-55,100,100,20.4,79.5,1015.4,
2026-05-24 15:34:32,-60,100,100,21.1,68.6,1017.7,
2026-05-24 15:34:33,-68,100,100,23.2,66.4,1014.6,
2026-05-24 15:34:34,-73,100,100,21.9,66.3,1019.3,
2026-05-24 15:34:35,-62,100,100,32.3,46.6,1012.5,
2026-05-24 15:34:36,-70,100,100,22.8,48.0,1018.4,
2026-05-24 15:34:37,-58,100,100,22.0,69.5,1011.4,
2026-05-24 15:34:38,-78,100,100,33.5,77.3,1011.6,
2026-05-24 15:34:39,-63,100,100,25.0,59.0,1014.3,
2026-05-24 15:34:40,-83,100,100,29.0,55.2,1013.3,
2026-05-24 15:34:41,-82,100,100,22.5,60.1,1014.1,
2026-05-24 15:34:42,-79,100,100,20.0,60.8,1015.0,
2026-05-24 15:34:43,-59,100,100,27.8,48.6,1019.1,
2026-05-24 15:34:44,-66,100,100,30.7,76.7,1011.1,
2026-05-24 15:34:45,-65,100,100,26.5,68.7,1012.6,
2026-05-24 15:34:46,-79,100,100,29.1,67.9,1018.7,
2026-05-24 15:34:47,-84,100,100,22.3,70.9,1014.9,
2026-05-24 15:34:48,-78,100,100,20.5,60.8,1010.2,
2026-05-24 15:34:49,-93,100,100,33.7,65.1,1016.0,
2026-05-24 15:34:50,-79,100,100,23.7,75.8,1012.9,
2026-05-24 15:34:51,-76,100,100,32.3,67.5,1013.1,
2026-05-24 15:34:52,-59,100,100,22.1,57.2,1015.3,
2026-05-24 15:34:53,-95,100,100,22.5,46.2,1018.8,
2026-05-24 15:34:54,-81,100,100,33.2,64.8,1014.0,
2026-05-24 15:34:55,-71,100,100,30.8,52.7,1010.4,
2026-05-24 15:34:56,-57,100,100,24.5,56.3,1011.3,
2026-05-24 15:34:57,-78,100,100,25.4,53.0,1011.7,
2026-05-24 15:34:58,-80,100,100,24.5,49.3,1014.4,
2026-05-24 15:34:59,-79,100,100,31.5,77.2,1019.2,
2026-05-24 15:35:00,-86,100,100,34.0,65.3,1010.5,
2026-05-24 15:35:01,-83,100,100,28.6,70.7,1015.3,
2026-05-24 15:35:02,-91,100,100,34.9,60.7,1010.7,
2026-05-24 15:35:03,-56,100,100,27.7,60.4,1019.9,
2026-05-24 15:35:04,-76,100,100,22.7,59.9,1012.5,
2026-05-24 15:35:05,-95,100,100,26.4,78.8,1014.4,
2026-05-24 15:35:06,-88,100,100,21.2,64.4,1010.1,
2026-05-24 15:35:07,-91,100,100,25.9,73.9,1011.2,
2026-05-24 15:35:08,-81,100,100,23.3,58.4,1015.3,
2026-05-24 15:35:09,-70,100,100,30.9,63.3,1010.3,
2026-05-24 15:35:10,-65,100,100,27.0,75.6,1019.5,
2026-05-24 15:35:11,-84,100,100,23.9,40.6,1017.6,
2026-05-24 15:35:12,-65,100,100,23.0,63.1,1014.3,
2026-05-24 15:35:13,-86,100,100,34.3,73.7,1019.8,
2026-05-24 15:35:14,-74,100,100,32.7,68.0,1016.6,
2026-05-24 15:35:15,-87,100,100,29.0,70.1,1011.1,
2026-05-24 15:35:16,-86,100,100,30.2,47.4,1019.2,
2026-05-24 15:35:17,-55,100,100,23.7,58.5,1012.8,
2026-05-24 15:35:18,-66,100,100,23.6,66.3,1015.4,
2026-05-24 15:35:19,-64,100,100,29.4,62.4,1010.3,
2026-05-24 15:35:20,-78,100,100,24.8,72.2,1012.5,
2026-05-24 15:35:21,-69,100,100,20.5,69.2,1019.5,
2026-05-24 15:35:22,-84,100,100,26.7,73.7,1016.1,
2026-05-24 15:35:23,-57,100,100,28.1,68.6,1015.7,
2026-05-24 15:35:24,-89,100,100,26.7,78.6,1019.0,
2026-05-24 15:35:25,-64,100,100,27.8,47.3,1013.7,
2026-05-24 15:35:26,-55,100,100,29.2,72.6,1017.5,
2026-05-24 15:35:27,-62,100,100,27.4,66.3,1018.8,
2026-05-24 15:35:28,-88,100,100,30.5,47.9,1014.5,
2026-05-24 15:35:29,-78,100,100,21.5,77.2,1019.8,
2026-05-24 15:35:30,-70,100,100,29.1,57.1,1011.4,
2026-05-24 15:35:31,-79,100,100,23.5,40.9,1014.9,
2026-05-24 15:35:32,-65,100,100,27.9,63.6,1019.1,
2026-05-24 15:35:33,-91,100,100,27.7,50.3,1013.0,
2026-05-24 15:35:34,-55,100,100,33.5,74.5,1019.5,
2026-05-24 15:35:35,-55,100,100,33.6,68.5,1018.2,
2026-05-24 15:35:36,-67,100,100,24.1,42.9,1016.6,
2026-05-24 15:35:37,-89,100,100,22.4,49.2,1014.9,
2026-05-24 15:35:38,-83,100,100,33.6,76.9,1018.1,
2026-05-24 15:35:39,-77,100,100,33.7,41.0,1015.9,
2026-05-24 15:35:40,-61,100,100,24.1,44.5,1015.5,
2026-05-24 15:35:41,-85,100,100,26.7,79.5,1013.0,
2026-05-24 15:35:42,-57,100,100,23.3,49.3,1012.2,
2026-05-24 15:35:43,-59,100,100,25.7,53.5,1015.1,
2026-05-24 15:35:44,-65,100,100,33.1,65.7,1019.8,
2026-05-24 15:35:45,-94,100,100,24.7,47.5,1015.4,
2026-05-24 15:35:46,-84,100,100,20.6,68.6,1010.3,
2026-05-24 15:35:47,-83,100,100,29.6,65.1,1019.3,
2026-05-24 15:35:48,-70,100,100,34.1,71.7,1018.0,
2026-05-24 15:35:49,-80,100,100,31.2,50.1,1011.0,
2026-05-24 15:35:50,-84,100,100,32.2,42.8,1011.3,
2026-05-24 15:35:51,-57,100,100,23.3,71.3,1013.7,
2026-05-24 15:35:52,-76,100,100,24.7,51.1,1013.6,
2026-05-24 15:35:53,-80,100,100,27.8,62.4,1014.5,
2026-05-24 15:35:54,-83,100,100,25.1,65.1,1016.7,
2026-05-24 15:35:55,-71,100,100,29.2,74.0,1017.5,
2026-05-24 15:35:56,-74,100,100,20.3,59.3,1020.0,
2026-05-24 15:35:57,-63,100,100,31.9,62.1,1019.3,
2026-05-24 15:35:58,-67,100,100,23.3,63.7,1016.7,
2026-05-24 15:35:59,-80,100,100,27.6,48.9,1013.2,
2026-05-24 15:36:00,-73,100,100,33.6,63.1,1019.5,
2026-05-24 15:36:01,-72,100,100,22.7,50.3,1016.4,
2026-05-24 15:36:02,-55,100,100,26.4,51.6,1018.8,
2026-05-24 15:36:03,-84,100,100,22.1,64.8,1017.5,
2026-05-24 15:36:04,-73,100,100,28.3,71.5,1014.7,
2026-05-24 15:36:05,-62,100,100,21.0,53.3,1015.3,
2026-05-24 15:36:06,-67,100,100,24.0,71.4,1019.2,
2026-05-24 15:36:07,-75,100,100,27.3,47.4,1018.1,
2026-05-24 15:36:08,-65,100,100,24.2,48.9,1012.8,
2026-05-24 15:36:09,-90,100,100,31.2,64.1,1015.6,
2026-05-24 15:36:10,-57,100,100,29.8,49.5,1013.8,
2026-05-24 15:36:11,-73,100,100,22.1,46.5,1013.7,
2026-05-24 15:36:12,-67,100,100,30.8,41.3,1018.0,
2026-05-24 15:36:13,-76,100,100,33.4,48.1,1012.5,
2026-05-24 15:36:14,-85,100,100,28.5,52.1,1011.2,
2026-05-24 15:36:15,-66,100,100,26.2,74.4,1016.8,
2026-05-24 15:36:16,-61,100,100,23.7,61.6,1016.5,
2026-05-24 15:36:17,-86,100,100,21.0,53.2,1015.1,
2026-05-24 15:36:18,-92,100,100,21.8,56.2,1012.6,
2026-05-24 15:36:19,-56,100,100,23.0,78.9,1016.2,
2026-05-24 15:36:20,-64,100,100,27.0,41.8,1018.9,
2026-05-24 15:36:21,-84,100,100,34.8,78.9,1010.3,
2026-05-24 15:36:22,-74,100,100,25.6,67.7,1014.6,
2026-05-24 15:36:23,-92,100,100,24.3,79.4,1011.4,
2026-05-24 15:36:24,-80,100,100,27.8,51.3,1019.8,
2026-05-24 15:36:25,-86,100,100,21.2,62.2,1010.1,
2026-05-24 15:36:26,-82,100,100,31.3,55.3,1016.0,
2026-05-24 15:36:27,-80,100,100,24.4,43.7,1017.9,
2026-05-24 15:36:28,-93,100,100,26.7,59.3,1011.7,
2026-05-24 15:36:29,-83,100,100,28.7,77.7,1020.0,
2026-05-24 15:36:30,-63,100,100,31.7,75.6,1015.4,
2026-05-24 15:36:31,-65,100,100,24.4,60.3,1011.4,
2026-05-24 15:36:32,-60,100,100,34.2,40.8,1012.3,
2026-05-24 15:36:33,-65,100,100,20.6,55.4,1018.1,
2026-05-24 15:36:34,-75,100,100,21.2,66.4,1018.5,
2026-05-24 15:36:35,-66,100,100,34.2,45.2,1013.0,
2026-05-24 15:36:36,-78,100,100,29.7,51.6,1014.6,
2026-05-24 15:36:37,-77,100,100,24.1,70.0,1011.3,
2026-05-24 15:36:38,-65,100,100,31.1,43.6,1014.3,
2026-05-24 15:36:39,-55,100,100,32.3,74.2,1012.1,
2026-05-24 15:36:40,-91,100,100,26.9,74.9,1018.3,
2026-05-24 15:36:41,-73,100,100,24.5,43.1,1016.1,
2026-05-24 15:36:42,-95,100,100,30.5,67.2,1013.6,
2026-05-24 15:36:43,-70,100,100,25.6,41.1,1016.7,
2026-05-24 15:36:44,-69,100,100,23.8,53.8,1012.1,
2026-05-24 15:36:45,-89,100,100,34.2,71.0,1017.3,
2026-05-24 15:36:46,-64,100,100,21.5,70.4,1013.3,
2026-05-24 15:36:47,-87,100,100,33.4,66.8,1013.8,
2026-05-24 15:36:48,-66,100,100,27.7,52.9,1016.8,
2026-05-24 15:36:49,-67,100,100,24.3,56.9,1017.9,
2026-05-24 15:36:50,-73,100,100,31.6,53.1,1017.1,
2026-05-24 15:36:51,-63,100,100,31.5,47.7,1011.8,
2026-05-24 15:36:52,-95,100,100,29.8,61.7,1015.6,
2026-05-24 15:36:53,-75,100,100,21.0,64.2,1012.6,
2026-05-24 15:36:54,-63,100,100,24.8,43.2,1011.0,
2026-05-24 15:36:55,-91,100,100,25.5,71.1,1015.9,
2026-05-24 15:36:56,-88,100,100,28.4,67.2,1013.9,
2026-05-24 15:36:57,-75,100,100,21.9,71.6,1014.0,
2026-05-24 15:36:58,-67,100,100,31.9,67.8,1015.2,
2026-05-24 15:36:59,-72,100,100,27.2,71.3,1019.1,
2026-05-24 15:37:00,-87,100,100,30.0,62.0,1019.8,
2026-05-24 15:37:01,-75,100,100,28.4,71.2,1015.8,
2026-05-24 15:37:02,-62,100,100,33.7,59.3,1016.6,
2026-05-24 15:37:03,-88,100,100,26.7,55.0,1013.4,
2026-05-24 15:37:04,-95,100,100,26.4,71.3,1013.0,
2026-05-24 15:37:05,-80,100,100,24.1,79.1,1016.3,
2026-05-24 15:37:06,-55,100,100,27.8,64.9,1019.0,
2026-05-24 15:37:07,-94,100,100,28.6,43.9,1015.8,
2026-05-24 15:37:08,-90,100,100,24.4,49.0,1017.6,
2026-05-24 15:37:09,-72,100,100,30.9,60.3,1012.4,
2026-05-24 15:37:10,-87,100,100,31.5,74.0,1014.0,
2026-05-24 15:37:11,-69,100,100,22.1,63.7,1017.6,
2026-05-24 15:37:12,-90,100,100,21.2,79.1,1012.2,
2026-05-24 15:37:13,-75,100,100,25.5,48.9,1018.3,
2026-05-24 15:37:14,-86,100,100,23.8,40.9,1013.7,
2026-05-24 15:37:15,-87,100,100,30.7,73.4,1018.8,
2026-05-24 15:37:16,-67,100,100,25.9,65.9,1012.5,
2026-05-24 15:37:17,-76,100,100,31.8,57.1,1013.5,
2026-05-24 15:37:18,-60,100,100,34.8,76.4,1013.5,
2026-05-24 15:37:19,-63,100,100,33.6,53.9,1018.2,
2026-05-24 15:37:20,-79,100,100,28.9,62.3,1014.8,
2026-05-24 15:37:21,-90,100,100,23.4,42.2,1018.7,
2026-05-24 15:37:22,-56,100,100,20.5,60.3,1016.9,
2026-05-24 15:37:23,-78,100,100,27.8,47.1,1014.2,
2026-05-24 15:37:24,-95,100,100,34.9,40.3,1017.4,
2026-05-24 15:37:25,-69,100,100,35.0,62.9,1011.2,
2026-05-24 15:37:26,-73,100,100,28.2,41.7,1011.0,
2026-05-24 15:37:27,-68,100,100,20.4,48.8,1016.5,
2026-05-24 15:37:28,-55,100,100,28.7,47.0,1015.3,
2026-05-24 15:37:29,-57,100,100,25.7,66.0,1016.5,
2026-05-24 15:37:30,-87,100,100,33.6,64.3,1015.1,
2026-05-24 15:37:31,-75,100,100,32.6,57.3,1019.3,
2026-05-24 15:37:32,-89,100,100,26.8,55.7,1018.8,
2026-05-24 15:37:33,-76,100,100,31.1,52.7,1013.5,
2026-05-24 15:37:34,-85,100,100,31.0,50.9,1010.7,
2026-05-24 15:37:35,-56,100,100,25.1,53.3,1013.2,
2026-05-24 15:37:36,-68,100,100,26.4,65.0,1016.5,
2026-05-24 15:37:37,-83,100,100,30.5,67.0,1013.7,
2026-05-24 15:37:38,-86,100,100,24.3,41.6,1015.7,
2026-05-24 15:37:39,-66,100,100,24.4,67.8,1010.2,
2026-05-24 15:37:40,-63,100,100,23.2,63.4,1010.0,
2026-05-24 15:37:41,-85,100,100,24.5,65.5,1017.9,
2026-05-24 15:37:42,-89,100,100,25.8,74.7,1017.0,
2026-05-24 15:37:43,-60,100,100,24.9,52.4,1015.5,
2026-05-24 15:37:44,-83,100,100,26.6,40.0,1011.5,
2026-05-24 15:37:45,-62,100,100,25.8,58.5,1019.6,
2026-05-24 15:37:46,-59,100,100,34.0,76.0,1012.1,
2026-05-24 15:37:47,-93,100,100,25.4,46.6,1013.8,
2026-05-24 15:37:48,-59,100,100,33.4,79.9,1018.4,
2026-05-24 15:37:49,-83,100,100,21.7,77.9,1011.0,
2026-05-24 15:37:50,-71,100,100,22.8,58.4,1019.2,
2026-05-24 15:37:51,-84,100,100,34.7,54.4,1017.6,
2026-05-24 15:37:52,-78,100,100,26.6,47.6,1019.2,
2026-05-24 15:37:53,-74,100,100,33.9,43.8,1012.0,
2026-05-24 15:37:54,-69,100,100,20.1,68.5,1016.1,
2026-05-24 15:37:55,-94,100,100,33.4,57.4,1011.0,
2026-05-24 15:37:56,-68,100,100,27.3,41.8,1017.4,
2026-05-24 15:37:57,-88,100,100,34.1,67.7,1011.7,
2026-05-24 15:37:58,-93,100,100,29.8,69.8,1011.8,
2026-05-24 15:37:59,-79,100,100,26.3,65.0,1013.4,
2026-05-24 15:38:00,-80,100,100,26.7,53.9,1018.0,
2026-05-24 15:38:01,-62,100,100,26.9,57.9,1017.6,
2026-05-24 15:38:02,-62,100,100,32.9,75.1,1018.1,
2026-05-24 15:38:03,-80,100,100,31.3,40.7,1017.4,
2026-05-24 15:38:04,-95,100,100,33.4,53.5,1018.2,
2026-05-24 15:38:05,-93,100,100,25.1,41.5,1013.5,
2026-05-24 15:38:06,-69,100,100,22.2,77.0,1018.3,
2026-05-24 15:38:07,-95,100,100,29.8,49.8,1013.2,
2026-05-24 15:38:08,-81,100,100,30.2,76.3,1016.2,
2026-05-24 15:38:09,-56,100,100,24.3,70.8,1019.4,
2026-05-24 15:38:10,-74,100,100,34.6,74.4,1018.7,
2026-05-24 15:38:11,-84,100,100,22.6,43.2,1014.6,
2026-05-24 15:38:12,-93,100,100,24.9,43.9,1019.9,
2026-05-24 15:38:13,-57,100,100,25.7,67.4,1010.1,
2026-05-24 15:38:14,-71,100,100,28.5,57.4,1013.7,
2026-05-24 15:38:15,-94,100,100,31.6,53.7,1018.9,
2026-05-24 15:38:16,-77,100,100,31.5,52.5,1010.7,
2026-05-24 15:38:17,-81,100,100,23.6,67.1,1015.5,
2026-05-24 15:38:18,-69,100,100,34.8,60.2,1014.8,
2026-05-24 15:38:19,-94,100,100,30.0,65.6,1019.8,
2026-05-24 15:38:20,-80,100,100,22.7,62.4,1014.5,
2026-05-24 15:38:21,-67,100,100,20.1,75.4,1010.5,
2026-05-24 15:38:22,-91,100,100,23.0,68.0,1017.3,
2026-05-24 15:38:23,-76,100,100,24.2,76.9,1011.4,
2026-05-24 15:38:24,-85,100,100,34.2,57.5,1011.4,
2026-05-24 15:38:25,-82,100,100,31.0,41.0,1019.7,
2026-05-24 15:38:26,-88,100,100,30.9,49.8,1013.9,
2026-05-24 15:38:27,-61,100,100,23.4,67.0,1011.3,
2026-05-24 15:38:28,-74,100,100,29.5,69.2,1018.9,
2026-05-24 15:38:29,-70,100,100,20.8,54.3,1018.8,
2026-05-24 15:38:30,-57,100,100,33.5,58.5,1019.6,
2026-05-24 15:38:31,-85,100,100,21.6,67.7,1010.7,
2026-05-24 15:38:32,-82,100,100,22.9,52.9,1014.8,
2026-05-24 15:38:33,-74,100,100,21.5,51.5,1014.1,
2026-05-24 15:38:34,-75,100,100,28.3,58.2,1013.4,
2026-05-24 15:38:35,-59,100,100,33.2,54.7,1011.5,
2026-05-24 15:38:36,-78,100,100,28.7,46.1,1016.9,
2026-05-24 15:38:37,-75,100,100,25.3,79.9,1016.2,
2026-05-24 15:38:38,-94,100,100,27.9,45.2,1011.2,
2026-05-24 15:38:39,-56,100,100,32.1,76.2,1020.0,
2026-05-24 15:38:40,-71,100,100,33.2,70.6,1013.8,
2026-05-24 15:38:41,-73,100,100,23.5,77.5,1010.3,
2026-05-24 15:38:42,-59,100,100,22.5,75.7,1012.4,
2026-05-24 15:38:43,-62,100,100,30.1,44.0,1013.5,
2026-05-24 15:38:44,-55,100,100,21.8,53.5,1017.1,
2026-05-24 15:38:45,-79,100,100,22.1,46.8,1019.8,
2026-05-24 15:38:46,-89,100,100,20.0,61.1,1014.1,
2026-05-24 15:38:47,-94,100,100,28.7,53.1,1013.5,
2026-05-24 15:38:48,-56,100,100,29.5,40.2,1012.2,
2026-05-24 15:38:49,-91,100,100,23.6,66.5,1015.8,
2026-05-24 15:38:50,-67,100,100,23.1,49.1,1011.0,
2026-05-24 15:38:51,-88,100,100,21.2,70.7,1012.8,
2026-05-24 15:38:52,-72,100,100,27.1,60.6,1019.4,
2026-05-24 15:38:53,-62,100,100,21.3,70.6,1018.3,
2026-05-24 15:38:54,-90,100,100,22.0,48.8,1012.1,
2026-05-24 15:38:55,-65,100,100,29.5,62.7,1010.1,
2026-05-24 15:38:56,-85,100,100,28.0,52.9,1010.4,
2026-05-24 15:38:57,-55,100,100,34.9,76.4,1013.9,
2026-05-24 15:38:58,-92,100,100,26.1,79.9,1013.7,
2026-05-24 15:38:59,-91,100,100,25.2,66.8,1017.8,
2026-05-24 15:39:00,-68,100,100,25.5,45.1,1015.5,
2026-05-24 15:39:01,-77,100,100,31.4,61.6,1010.6,
2026-05-24 15:39:02,-66,100,100,33.9,70.8,1011.5,
2026-05-24 15:39:03,-77,100,100,27.2,41.0,1013.0,
2026-05-24 15:39:04,-59,100,100,26.4,50.3,1019.6,
2026-05-24 15:39:05,-75,100,100,26.4,64.7,1016.8,
2026-05-24 15:39:06,-59,100,100,25.6,47.6,1017.3,
2026-05-24 15:39:07,-90,100,100,31.2,56.7,1016.7,
2026-05-24 15:39:08,-79,100,100,30.6,58.0,1010.2,
2026-05-24 15:39:09,-63,100,100,26.1,75.7,1011.2,
2026-05-24 15:39:10,-76,100,100,31.0,73.4,1015.3,
2026-05-24 15:39:11,-69,100,100,30.2,50.5,1011.8,
2026-05-24 15:39:12,-74,100,100,20.0,64.0,1017.5,
2026-05-24 15:39:13,-65,100,100,25.9,75.5,1011.9,
2026-05-24 15:39:14,-73,100,100,21.0,67.4,1018.6,
2026-05-24 15:39:15,-85,100,100,31.9,57.0,1011.4,
2026-05-24 15:39:16,-72,100,100,24.4,65.9,1018.9,
2026-05-24 15:39:17,-58,100,100,33.9,41.8,1019.6,
2026-05-24 15:39:18,-65,100,100,25.0,42.6,1014.6,
2026-05-24 15:39:19,-81,100,100,28.5,57.4,1018.2,
2026-05-24 15:39:20,-74,100,100,21.2,66.0,1015.8,
2026-05-24 15:39:21,-61,100,100,30.5,79.7,1015.5,
2026-05-24 15:39:22,-55,100,100,31.5,67.5,1011.4,
2026-05-24 15:39:23,-86,100,100,21.6,41.7,1014.1,
2026-05-24 15:39:24,-87,100,100,28.0,44.0,1015.2,
2026-05-24 15:39:25,-79,100,100,28.7,79.9,1019.6,
2026-05-24 15:39:26,-62,100,100,33.1,77.5,1016.8,
2026-05-24 15:39:27,-94,100,100,30.4,63.1,1012.8,
2026-05-24 15:39:28,-85,100,100,24.0,45.6,1013.5,
2026-05-24 15:39:29,-93,100,100,24.5,60.0,1010.0,
2026-05-24 15:39:30,-66,100,100,21.3,69.7,1011.7,
2026-05-24 15:39:31,-94,100,100,22.4,78.9,1016.1,
2026-05-24 15:39:32,-69,100,100,20.1,42.3,1017.2,
2026-05-24 15:39:33,-92,100,100,27.9,79.5,1018.9,
2026-05-24 15:39:34,-70,100,100,23.3,67.6,1016.0,
2026-05-24 15:39:35,-62,100,100,23.0,73.2,1011.7,
2026-05-24 15:39:36,-92,100,100,33.0,68.2,1011.8,
2026-05-24 15:39:37,-82,100,100,23.1,67.0,1012.6,
2026-05-24 15:39:38,-71,100,100,23.0,41.3,1012.6,
2026-05-24 15:39:39,-75,100,100,27.4,78.9,1016.4,
2026-05-24 15:39:40,-80,100,100,34.1,75.7,1012.0,
2026-05-24 15:39:41,-87,100,100,30.4,51.9,1019.3,
2026-05-24 15:39:42,-88,100,100,21.7,55.3,1017.8,
2026-05-24 15:39:43,-78,100,100,23.6,57.1,1018.3,
2026-05-24 15:39:44,-88,100,100,20.3,77.8,1010.9,
2026-05-24 15:39:45,-86,100,100,25.4,72.9,1011.3,
2026-05-24 15:39:46,-61,100,100,34.3,66.0,1017.4,
2026-05-24 15:39:47,-65,100,100,33.8,75.4,1012.3,
2026-05-24 15:39:48,-68,100,100,29.7,71.2,1014.5,
2026-05-24 15:39:49,-85,100,100,27.9,40.3,1014.7,
2026-05-24 15:39:50,-76,100,100,26.0,55.0,1014.6,
2026-05-24 15:39:51,-87,100,100,22.0,74.5,1013.8,
2026-05-24 15:39:52,-86,100,100,26.2,50.8,1015.7,
2026-05-24 15:39:53,-89,100,100,22.1,65.3,1011.5,
2026-05-24 15:39:54,-59,100,100,28.9,53.0,1012.4,
2026-05-24 15:39:55,-60,100,100,26.1,72.3,1013.5,
2026-05-24 15:39:56,-82,100,100,22.0,75.8,1013.6,
2026-05-24 15:39:57,-80,100,100,21.6,73.6,1016.4,
2026-05-24 15:39:58,-81,100,100,21.3,55.3,1013.8,
2026-05-24 15:39:59,-66,100,100,30.5,67.7,1017.0,
2026-05-24 15:40:00,-87,100,100,26.7,79.1,1018.6,
2026-05-24 15:40:01,-69,100,100,22.3,68.6,1020.0,
2026-05-24 15:40:02,-72,100,100,20.3,65.5,1016.4,
2026-05-24 15:40:03,-66,100,100,31.4,56.3,1017.0,
2026-05-24 15:40:04,-60,100,100,27.3,64.7,1014.6,
2026-05-24 15:40:05,-55,100,100,33.4,52.4,1013.6,
2026-05-24 15:40:06,-92,100,100,21.5,45.0,1017.7,
2026-05-24 15:40:07,-71,100,100,34.8,62.8,1012.3,
2026-05-24 15:40:08,-78,100,100,24.0,47.7,1014.5,
2026-05-24 15:40:09,-62,100,100,20.7,49.7,1010.3,
2026-05-24 15:40:10,-88,100,100,26.6,61.2,1010.5,
2026-05-24 15:40:11,-90,100,100,27.1,65.3,1011.7,
2026-05-24 15:40:12,-67,100,100,26.8,62.0,1015.1,
2026-05-24 15:40:13,-90,100,100,31.9,57.5,1010.5,
2026-05-24 15:40:14,-82,100,100,25.8,73.8,1019.3,
2026-05-24 15:40:15,-90,100,100,31.6,77.2,1014.4,
2026-05-24 15:40:16,-85,100,100,32.9,66.5,1015.4,
2026-05-24 15:40:17,-74,100,100,25.5,62.1,1015.7,
2026-05-24 15:40:18,-85,100,100,25.8,74.3,1011.2,
2026-05-24 15:40:19,-67,100,100,32.5,71.3,1014.7,
2026-05-24 15:40:20,-85,100,100,29.0,61.3,1015.5,
2026-05-24 15:40:21,-89,100,100,25.1,76.8,1012.1,
2026-05-24 15:40:22,-87,100,100,21.0,66.9,1010.7,
2026-05-24 15:40:23,-72,100,100,27.1,68.7,1017.5,
2026-05-24 15:40:24,-76,100,100,27.2,45.9,1011.8,
2026-05-24 15:40:25,-95,100,100,33.4,49.9,1017.4,
2026-05-24 15:40:26,-70,100,100,24.8,40.1,1015.1,
2026-05-24 15:40:27,-90,100,100,34.1,67.7,1019.1,
2026-05-24 15:40:28,-67,100,100,29.8,64.7,1019.0,
2026-05-24 15:40:29,-94,100,100,24.0,71.7,1010.8,
2026-05-24 15:40:30,-68,100,100,22.6,55.8,1017.8,
2026-05-24 15:40:31,-61,100,100,33.8,56.4,1013.0,
2026-05-24 15:40:32,-86,100,100,26.7,51.5,1011.9,
2026-05-24 15:40:33,-65,100,100,29.3,49.7,1016.7,
2026-05-24 15:40:34,-82,100,100,34.6,75.8,1017.0,
2026-05-24 15:40:35,-58,100,100,34.5,50.3,1010.5,
2026-05-24 15:40:36,-95,100,100,20.6,58.7,1015.1,
2026-05-24 15:40:37,-88,100,100,27.5,72.3,1015.9,
2026-05-24 15:40:38,-83,100,100,29.0,47.4,1015.6,
2026-05-24 15:40:39,-91,100,100,24.9,66.3,1014.7,
2026-05-24 15:40:40,-59,100,100,33.2,49.9,1019.8,
2026-05-24 15:40:41,-80,100,100,28.3,42.9,1016.5,
2026-05-24 15:40:42,-62,100,100,34.3,65.4,1012.4,
2026-05-24 15:40:43,-68,100,100,32.7,45.8,1012.0,
2026-05-24 15:40:44,-95,100,100,26.9,77.6,1015.5,
2026-05-24 15:40:45,-57,100,100,25.9,66.0,1014.4,
2026-05-24 15:40:46,-82,100,100,29.5,53.9,1015.2,
2026-05-24 15:40:47,-73,100,100,34.2,53.1,1017.5,
2026-05-24 15:40:48,-69,100,100,24.9,48.5,1013.5,
2026-05-24 15:40:49,-59,100,100,34.1,55.6,1018.7,
2026-05-24 15:40:50,-80,100,100,32.4,49.4,1012.1,
2026-05-24 15:40:51,-62,100,100,30.9,74.7,1013.7,
2026-05-24 15:40:52,-71,100,100,21.8,53.9,1016.5,
2026-05-24 15:40:53,-80,100,100,21.0,72.1,1013.5,
2026-05-24 15:40:54,-61,100,100,32.4,75.0,1013.7,
2026-05-24 15:40:55,-95,100,100,32.1,61.0,1014.4,
2026-05-24 15:40:56,-84,100,100,22.3,40.6,1012.7,
2026-05-24 15:40:57,-67,100,100,26.4,79.3,1010.1,
2026-05-24 15:40:58,-89,100,100,28.7,45.9,1017.7,
2026-05-24 15:40:59,-63,100,100,32.8,44.0,1013.7,
